timestamp,price_dollar,sells
1666314000000,0.409,3
1666400400000,0.245,108
1666486800000,0.24,53
1666573200000,0.259,31
1666659600000,0.286,14
1666746000000,0.27,19
1666832400000,0.239,22
1666918800000,0.258,20
1667005200000,0.282,16
1667091600000,0.332,28
1667178000000,0.378,15
1667264400000,0.532,21
1667350800000,1.499,47
1667437200000,1.173,28
1667523600000,1.342,24
1667610000000,1.235,22
1667696400000,1.764,31
1667782800000,1.716,14
1667869200000,1.949,29
1667955600000,1.933,22
1668042000000,1.989,18
1668128400000,1.299,31
1668214800000,0.813,9
1668301200000,0.643,14
1668387600000,0.607,17
1668474000000,0.633,13
1668560400000,0.679,12
1668646800000,0.778,10
1668733200000,0.62,7
1668819600000,0.837,4
1668906000000,0.78,8
1668992400000,0.772,2
1669078800000,0.749,3
1669165200000,0.711,7
1669251600000,0.639,5
1669338000000,0.651,4
1669424400000,0.551,15
1669510800000,0.529,5
1669597200000,0.644,5
1669683600000,0.643,2
1669770000000,0.571,3
1669856400000,0.425,3
1669942800000,0.414,4
1670029200000,0.483,8
1670115600000,0.468,4
1670202000000,0.563,3
1670288400000,0.51,4
1670374800000,0.558,3
1670461200000,0.562,4
1670547600000,0.593,1
1670634000000,0.649,3
1670720400000,0.622,6
1670893200000,0.563,7
1670979600000,0.13,156
1671066000000,0.106,95
1671152400000,0.096,45
1671238800000,0.093,48
1671325200000,0.092,52
1671411600000,0.117,49
1671498000000,0.111,40
1671584400000,0.099,29
1671670800000,0.083,36
1671757200000,0.068,51
1671843600000,0.045,30
1671930000000,0.045,32
1672016400000,0.057,40
1672102800000,0.067,47
1672189200000,0.064,27
1672275600000,0.067,35
1672362000000,0.079,41
1672448400000,0.058,29
1672534800000,0.054,35
1672621200000,0.06,39
1672707600000,0.083,26
1672794000000,0.075,29
1672880400000,0.078,27
1672966800000,0.098,47
1673053200000,0.115,33
1673139600000,0.121,21
1673226000000,0.114,33
1673312400000,0.109,38
1673398800000,0.116,52
1673485200000,0.12,50
1673571600000,0.117,41
1673658000000,0.142,50
1673744400000,0.138,51
1673830800000,0.135,44
1673917200000,0.145,41
1674003600000,0.132,24
1674090000000,0.14,44
1674176400000,0.174,66
1674262800000,0.159,57
1674349200000,0.165,56
1674435600000,0.182,84
1674522000000,0.18,59
1674608400000,0.153,29
1674694800000,0.13,26
1674781200000,0.127,35
1674867600000,0.119,35
1674954000000,0.093,51
1675040400000,0.092,40
1675126800000,0.083,126
1675213200000,0.09,43
1675299600000,0.094,53
1675386000000,0.092,58
1675472400000,0.103,49
1675558800000,0.096,48
1675645200000,0.109,30
1675731600000,0.103,42
1675818000000,0.1,51
1675904400000,0.098,41
1675990800000,0.099,52
1676077200000,0.098,52
1676163600000,0.1,46
1676250000000,0.1,41
1676336400000,0.105,50
1676422800000,0.112,43
1676509200000,0.123,67
1676595600000,0.126,40
1676682000000,0.116,48
1676768400000,0.113,48
1676854800000,0.116,43
1676941200000,0.113,49
1677027600000,0.126,31
1677114000000,0.14,54
1677200400000,0.193,91
1677286800000,0.196,60
1677373200000,0.246,99
1677459600000,0.301,36
1677546000000,0.29,29
1677632400000,0.418,41
1677718800000,0.537,63
1677805200000,0.489,41
1677891600000,0.442,90
1677978000000,0.403,51
1678064400000,0.401,58
1678150800000,0.395,54
1678237200000,0.371,43
1678323600000,0.362,37
1678410000000,0.375,45
1678496400000,0.428,54
1678582800000,0.433,71
1678669200000,0.47,21
1678755600000,0.48,32
1678842000000,0.581,49
1678928400000,1.088,138
1679014800000,1.055,55
1679101200000,0.924,72
1679187600000,0.862,61
1679274000000,0.962,54
1679360400000,1.042,47
1679446800000,1.18,103
1679533200000,1.516,71
1679619600000,1.594,56
1679706000000,2.272,47
1679792400000,2.034,77
1679878800000,1.67,51
1679965200000,1.612,83
1680051600000,1.535,50
1680138000000,1.739,26
1680224400000,1.773,33
1680310800000,1.608,25
1680397200000,1.577,33
1680483600000,1.411,31
1680570000000,1.405,39
1680656400000,1.339,19
1680742800000,1.247,16
1680829200000,1.315,29
1680915600000,1.292,39
1681002000000,1.264,24
1681088400000,1.187,21
1681174800000,1.035,11
1681261200000,1.007,16
1681347600000,1.035,16
1681434000000,1.244,40
1681520400000,1.322,33
1681606800000,1.359,21
1681693200000,1.251,13
1681779600000,1.265,14
1681866000000,1.226,20
1681952400000,1.189,22
1682038800000,1.12,25
1682125200000,1.104,45
1682211600000,1.138,17
1682298000000,1.148,28
1682355600000,1.04,1
1682362800000,1.04,2
1682366400000,1.04,1
1682377200000,1.04,1
1682388000000,0.987,1
1682391600000,1.04,1
1682395200000,1.022,2
1682398800000,1.032,1
1682402400000,1.028,2
1682409600000,1.029,1
1682416800000,1,1
1682420400000,0.96,3
1682424000000,0.96,5
1682427600000,0.96,6
1682431200000,0.97,2
1682434800000,0.96,7
1682438400000,0.96,4
1682442000000,0.676,1
1682445600000,0.627,1
1682452800000,0.62,1
1682460000000,0.623,1
1682474400000,0.758,1
1682488800000,0.639,1
1682496000000,0.59,1
1682503200000,0.769,5
1682510400000,0.857,1
1682514000000,0.66,1
1682521200000,0.822,1
1682528400000,0.828,5
1682532000000,0.773,2
1682539200000,0.746,2
1682560800000,0.64,8
1682564400000,0.74,1
1682568000000,0.77,1
1682575200000,0.78,2
1682593200000,0.77,2
1682596800000,0.73,1
1682604000000,0.8,1
1682611200000,0.8,1
1682618400000,0.8,1
1682625600000,0.8,1
1682629200000,0.77,1
1682640000000,0.813,2
1682643600000,0.8,1
1682647200000,0.584,1
1682661600000,0.77,1
1682668800000,0.81,1
1682672400000,0.81,1
1682676000000,0.828,2
1682686800000,0.78,3
1682690400000,0.745,2
1682694000000,0.849,1
1682708400000,0.847,1
1682712000000,0.564,3
1682722800000,0.855,2
1682737200000,0.84,1
1682762400000,0.777,2
1682766000000,0.605,1
1682773200000,0.7,3
1682780400000,0.662,1
1682784000000,0.71,5
1682787600000,0.7,1
1682791200000,0.84,3
1682798400000,0.754,1
1682809200000,0.847,4
1682812800000,0.858,1
1682816400000,0.702,1
1682820000000,0.7,1
1682827200000,0.841,1
1682848800000,0.69,1
1682881200000,0.753,3
1682884800000,0.753,1
1682892000000,0.71,1
1682895600000,0.701,1
1682899200000,0.724,2
1682910000000,0.72,1
1682924400000,0.718,1
1682931600000,0.724,3
1682935200000,0.691,3
1682942400000,0.721,1
1682946000000,0.421,2
1682949600000,0.745,1
1682953200000,0.72,1
1682956800000,0.716,1
1682960400000,0.501,2
1682964000000,0.716,1
1682971200000,0.671,3
1682978400000,0.611,2
1682985600000,0.713,2
1682989200000,0.72,1
1683010800000,0.717,1
1683014400000,0.723,2
1683018000000,0.73,5
1683025200000,0.73,1
1683028800000,0.765,4
1683032400000,0.744,1
1683036000000,0.73,1
1683043200000,0.832,3
1683046800000,0.745,1
1683050400000,0.832,3
1683057600000,0.73,2
1683061200000,0.73,1
1683072000000,0.768,1
1683097200000,0.699,2
1683118800000,0.709,1
1683122400000,0.72,1
1683144000000,0.661,2
1683147600000,0.695,1
1683162000000,0.6,1
1683187200000,0.761,1
1683190800000,0.6,1
1683201600000,0.772,1
1683208800000,0.672,1
1683216000000,0.764,1
1683219600000,0.656,1
1683230400000,0.661,1
1683234000000,0.65,2
1683248400000,0.65,1
1683252000000,0.656,1
1683255600000,0.653,2
1683262800000,0.638,1
1683266400000,0.58,3
1683273600000,0.583,2
1683277200000,0.591,5
1683284400000,0.575,1
1683288000000,0.598,3
1683291600000,0.587,2
1683295200000,0.748,15
1683298800000,0.859,1
1683302400000,0.587,1
1683306000000,0.587,1
1683309600000,0.598,1
1683316800000,0.557,1
1683320400000,0.576,1
1683324000000,0.605,4
1683338400000,0.607,1
1683342000000,0.606,1
1683352800000,0.614,2
1683363600000,0.587,2
1683370800000,0.619,2
1683378000000,0.546,2
1683381600000,0.506,1
1683388800000,0.55,8
1683392400000,0.545,2
1683399600000,0.55,1
1683410400000,0.55,1
1683414000000,0.593,1
1683417600000,0.55,1
1683424800000,0.567,1
1683442800000,0.55,5
1683457200000,0.701,1
1683460800000,0.55,2
1683468000000,0.582,1
1683475200000,0.571,2
1683486000000,0.578,2
1683493200000,0.61,7
1683507600000,0.549,1
1683540000000,0.548,1
1683554400000,0.541,1
1683558000000,0.541,1
1683565200000,0.543,6
1683568800000,0.542,1
1683572400000,0.601,1
1683579600000,0.406,1
1683583200000,0.527,1
1683622800000,0.436,3
1683633600000,0.412,2
1683637200000,0.447,1
1683640800000,0.53,1
1683644400000,0.447,1
1683651600000,0.437,1
1683666000000,0.457,2
1683694800000,0.413,1
1683702000000,0.485,12
1683709200000,0.448,1
1683716400000,0.48,1
1683720000000,0.359,1
1683723600000,0.387,1
1683738000000,0.466,1
1683745200000,0.414,1
1683748800000,0.465,1
1683792000000,0.461,1
1683799200000,0.472,1
1683817200000,0.493,5
1683820800000,0.485,3
1683824400000,0.459,1
1683828000000,0.568,1
1683849600000,0.48,2
1683874800000,0.563,1
1683900000000,0.494,1
1683903600000,0.481,3
1683910800000,0.501,2
1683918000000,0.477,1
1683925200000,0.482,1
1683932400000,0.369,1
1683936000000,0.486,1
1683975600000,0.473,6
1683982800000,0.445,1
1683986400000,0.475,1
1684004400000,0.468,1
1684008000000,0.463,2
1684011600000,0.414,1
1684026000000,0.473,30
1684040400000,0.451,1
1684047600000,0.451,1
1684065600000,0.441,4
1684072800000,0.45,1
1684080000000,0.451,3
1684083600000,0.471,2
1684090800000,0.451,1
1684101600000,0.461,2
1684105200000,0.462,1
1684108800000,0.451,2
1684112400000,0.48,1
1684119600000,0.48,2
1684123200000,0.486,4
1684126800000,0.506,1
1684134000000,0.511,8
1684141200000,0.511,2
1684144800000,0.512,2
1684155600000,0.488,2
1684166400000,0.433,2
1684173600000,0.413,1
1684180800000,0.413,1
1684198800000,0.414,2
1684202400000,0.46,1
1684206000000,0.463,1
1684224000000,0.389,1
1684231200000,0.422,2
1684238400000,0.413,6
1684242000000,0.413,10
1684245600000,0.413,17
1684249200000,0.414,1
1684252800000,0.413,3
1684256400000,0.414,5
1684260000000,0.402,2
1684267200000,0.41,1
1684270800000,0.41,1
1684274400000,0.413,3
1684310400000,0.4,3
1684317600000,0.41,1
1684321200000,0.365,1
1684335600000,0.414,1
1684339200000,0.394,2
1684346400000,0.347,1
1684357200000,0.397,2
1684368000000,0.424,1
1684400400000,0.409,7
1684414800000,0.41,2
1684418400000,0.41,1
1684422000000,0.422,1
1684432800000,0.427,6
1684468800000,0.409,1
1684472400000,0.41,1
1684476000000,0.411,1
1684479600000,0.411,7
1684486800000,0.412,1
1684497600000,0.413,1
1684512000000,0.392,2
1684522800000,0.41,2
1684533600000,0.393,1
1684551600000,0.412,1
1684558800000,0.413,1
1684566000000,0.409,4
1684569600000,0.413,1
1684598400000,0.397,3
1684602000000,0.413,2
1684609200000,0.422,1
1684638000000,0.413,1
1684656000000,0.425,1
1684659600000,0.359,2
1684699200000,0.414,1
1684702800000,0.419,2
1684710000000,0.394,2
1684753200000,0.413,1
1684760400000,0.426,12
1684771200000,0.42,1
1684778400000,0.422,2
1684807200000,0.336,1
1684843200000,0.46,1
1684868400000,0.373,2
1684872000000,0.437,1
1684886400000,0.414,1
1684926000000,0.358,1
1684933200000,0.425,1
1684940400000,0.424,2
